{
  "vps": {
    "ip": "159.89.90.90",
    "user": "root",
    "ssh_key": "quranbot_key",
    "ssh_key_path": "C:/Users/hanna/Documents/QuranBot/quranbot_key"
  },
  "bot": {
    "directory": "/home/QuranAudioBot",
    "local_project": "C:/Users/hanna/Documents/QuranBot",
    "repo_url": "https://github.com/yourusername/QuranBot.git",
    "venv_name": "venv",
    "log_file": "bot.log",
    "service_name": "quranbot"
  },
  "audio": {
    "local_path": "C:/Users/hanna/Documents/QuranBot/audio",
    "remote_path": "/home/QuranAudioBot/audio"
  },
  "backup": {
    "directory": "/home/QuranAudioBot/backups",
    "exclude_patterns": ["venv", "*.log", "__pycache__", ".git"]
  }
} 